,Hexagon,Pentagonal pyramid,Octahedron,Trigonal prism,Johnson pentagonal pyramid
0,32.47755244755245,26.618520479520484,1.985251748251748,14.922156843156845,30.414497502497504
