,Square-planar,Tetrahedral,Seesaw,V-trigonal-bipyramid
0,57.64407792207796,50.43947852147858,45.26956143856146,46.95842157842153
