,Square-planar,Tetrahedral,Seesaw,V-trigonal-bipyramid
0,31.072836163836232,0.6457952047952051,8.173029970029967,2.480000999000997
