,Square-planar,Tetrahedral,Seesaw,V-trigonal-bipyramid
0,20.922914085914087,6.116021978021973,1.2397202797202793,5.389136863136853
