,Square-planar,Tetrahedral,Seesaw,V-trigonal-bipyramid
0,19.241505494505468,10.077701298701284,0.743226773226774,7.320053946053955
