,Hexagon,Pentagonal pyramid,Octahedron,Trigonal prism,Johnson pentagonal pyramid
0,32.316744255744254,26.964808191808192,1.8822827172827172,15.288126873126874,30.54890809190809
