,Hexagon,Pentagonal pyramid,Octahedron,Trigonal prism,Johnson pentagonal pyramid
0,32.25892907092907,26.79232167832168,1.5493216783216783,14.852254745254745,29.854138861138864
