,Square-planar,Tetrahedral,Seesaw,V-trigonal-bipyramid
0,30.293668331668332,0.572979020979021,7.657074925074925,2.5984325674325675
