,Square-planar,Tetrahedral,Seesaw,V-trigonal-bipyramid
0,31.173470529470514,0.7470849150849149,8.093616383616387,2.252080919080918
