,Square-planar,Tetrahedral,Seesaw,V-trigonal-bipyramid
0,31.12891708291707,0.8304195804195812,7.81800499500499,2.1795044955044967
