,Square-planar,Tetrahedral,Seesaw,V-trigonal-bipyramid
0,28.76618881118881,1.5159040959040961,6.689547452547452,3.050904095904096
