,Square-planar,Tetrahedral,Seesaw,V-trigonal-bipyramid
0,19.363842157842157,9.735693306693307,0.7246193806193807,7.216240759240759
