,Hexagon,Pentagonal pyramid,Octahedron,Trigonal prism,Johnson pentagonal pyramid
0,32.173726273726274,26.861287712287712,1.559011988011988,15.088194805194805,29.94616883116883
