,Square-planar,Tetrahedral,Seesaw,V-trigonal-bipyramid
0,19.640724275724274,6.479984015984016,1.1908071928071928,5.844469530469531
