,Square-planar,Tetrahedral,Seesaw,V-trigonal-bipyramid
0,19.125413586413586,10.136255744255743,0.7354765234765235,7.407832167832168
