,Square-planar,Tetrahedral,Seesaw,V-trigonal-bipyramid
0,23.94217382617383,4.891207792207792,3.422268731268731,4.573662337662338
