,Hexagon,Pentagonal pyramid,Octahedron,Trigonal prism,Johnson pentagonal pyramid
0,32.2342017982018,26.873186813186813,1.4885284715284717,15.039331668331668,29.963412587412588
