,Square-planar,Tetrahedral,Seesaw,V-trigonal-bipyramid
0,20.084151848151848,9.54542957042957,0.7792687312687313,7.009877122877122
