,Square-planar,Tetrahedral,Seesaw,V-trigonal-bipyramid
0,30.289548451548452,0.5693346653346654,7.649443556443556,2.609908091908092
