,Square-planar,Tetrahedral,Seesaw,V-trigonal-bipyramid
0,30.080727272727273,0.5856113886113886,7.613042957042958,2.6404705294705297
