,Square-planar,Tetrahedral,Seesaw,V-trigonal-bipyramid
0,19.95516283716285,9.591620379620382,0.7785864135864136,6.979308691308699
