,Square-planar,Tetrahedral,Seesaw,V-trigonal-bipyramid
0,35.65300699300699,34.38807592407593,25.478769230769235,30.74645254745255
