,Hexagon,Pentagonal pyramid,Octahedron,Trigonal prism,Johnson pentagonal pyramid
0,45.38598301698302,38.645341658341664,31.78964335664336,34.354741258741264,39.4044015984016
