,Square-planar,Tetrahedral,Seesaw,V-trigonal-bipyramid
0,31.02822277722284,0.7419050949050949,7.986827172827182,2.366432567432569
