,Square-planar,Tetrahedral,Seesaw,V-trigonal-bipyramid
0,31.01584815184811,0.6577012987012986,8.16481718281718,2.468845154845155
