,Square-planar,Tetrahedral,Seesaw,V-trigonal-bipyramid
0,30.396741258741258,1.244201798201798,7.207573426573426,2.002706293706294
