,Square-planar,Tetrahedral,Seesaw,V-trigonal-bipyramid
0,19.225131868131864,10.054302697302697,0.7757142857142857,7.3483606393606395
