,Hexagon,Pentagonal pyramid,Octahedron,Trigonal prism,Johnson pentagonal pyramid
0,32.53123876123876,26.836652347652347,1.9346933066933065,15.228002997002998,30.56182317682318
