,Hexagon,Pentagonal pyramid,Octahedron,Trigonal prism,Johnson pentagonal pyramid
0,32.266883116883115,26.922106893106893,1.481116883116883,15.070828171828174,30.010279720279723
