,Square-planar,Tetrahedral,Seesaw,V-trigonal-bipyramid
0,22.695012987012987,5.205305694305694,3.0862157842157845,5.050204795204795
