,Square-planar,Tetrahedral,Seesaw,V-trigonal-bipyramid
0,28.022934852118308,2.062351518784972,5.354489808153477,2.4791990407673863
