,Square-planar,Tetrahedral,Seesaw,V-trigonal-bipyramid
0,25.943355915267787,1.8592252198241408,5.486927458033573,3.3574330535571546
