,Square-planar,Tetrahedral,Seesaw,V-trigonal-bipyramid
0,19.537712287712324,6.685813186813182,1.2059830169830184,6.1032357642357615
