,Square-planar,Tetrahedral,Seesaw,V-trigonal-bipyramid
0,29.01684315684316,2.444494505494506,5.8039390609390615,2.169737262737263
